Attributes.business_name,Attributes.website_link,Address,Attributes.city,Attributes.keyword,ChannelType
Premier Legal Documents,http://premierlegaldocs.com,premierlegaldocs@aol.com,"Manhattan Beach, CA",Legal,EMAIL
LA Legal Advocates,http://lalegaladvocates.com,lalegaladvocates@gmail.com,"Manhattan Beach, CA",Legal,EMAIL
Where's Legal,http://whereslegal.com,info@whereslegal.com,"Manhattan Beach, CA",Legal,EMAIL
Merit Legal Services,http://meritlegalservices.com,webmaster@meritlegalservices.com,"Manhattan Beach, CA",Legal,EMAIL
Merit Legal Services,http://meritlegalservices.com,meritlegalservices@yahoo.com,"Manhattan Beach, CA",Legal,EMAIL
Marina Legal Document Preparation,http://familylawdocumentprep.com,wixofday@wix.com,"Manhattan Beach, CA",Legal,EMAIL
Marina Legal Document Preparation,http://familylawdocumentprep.com,terri@familylawdocumentprep.com,"Manhattan Beach, CA",Legal,EMAIL
Nova Legal Funding,http://fundmylawsuitnow.com,info@fundmylawsuitnow.com,"Manhattan Beach, CA",Legal,EMAIL
Advocate Legal,http://advocatelegal.com,susan@advocatelegal.org,"Manhattan Beach, CA",Legal,EMAIL
Stone & Sallus,http://StoneSallusLaw.com,info@stonesalluslaw.com,"Manhattan Beach, CA",Legal,EMAIL
Stone & Sallus,http://StoneSallusLaw.com,info@stonesalluslaw.com,"Manhattan Beach, CA",Legal,EMAIL
Chase Law Group,http://chaselawmb.com,info@bizlawchat.com,"Manhattan Beach, CA",Legal,EMAIL
Peter Law Group,http://peterlawgroup.com,info@peterlawgroup.com,"Manhattan Beach, CA",Legal,EMAIL
Shegerian Conniff,http://shegerianconniff.com,info@shegerianconniff.com,"Manhattan Beach, CA",Legal,EMAIL
Shegerian Conniff,http://shegerianconniff.com,info@shegerianconniff.com,"Manhattan Beach, CA",Legal,EMAIL
BreakPoint Investigations,http://breakpointpi.com,impallari@gmail.com,"Manhattan Beach, CA",Legal,EMAIL
BreakPoint Investigations,http://breakpointpi.com,info@breakpointpi.com,"Manhattan Beach, CA",Legal,EMAIL
BreakPoint Investigations,http://breakpointpi.com,team@latofonts.com,"Manhattan Beach, CA",Legal,EMAIL
Yoffe & Cooper,http://mbeachlaw.com,lgeida@mbeachlaw.com,"Manhattan Beach, CA",Legal,EMAIL
Yoffe & Cooper,http://mbeachlaw.com,quiz@mbeachlaw.com,"Manhattan Beach, CA",Legal,EMAIL
Yoffe & Cooper,http://mbeachlaw.com,mkennedy@mbeachlaw.com,"Manhattan Beach, CA",Legal,EMAIL
Yoffe & Cooper,http://mbeachlaw.com,ayoffe@mbeachlaw.com,"Manhattan Beach, CA",Legal,EMAIL
Yoffe & Cooper,http://mbeachlaw.com,adavila@mbeachlaw.com,"Manhattan Beach, CA",Legal,EMAIL
Yoffe & Cooper,http://mbeachlaw.com,kstockton@mbeachlaw.com,"Manhattan Beach, CA",Legal,EMAIL
Yoffe & Cooper,http://mbeachlaw.com,mcooper@mbeachlaw.com,"Manhattan Beach, CA",Legal,EMAIL
Yoffe & Cooper,http://mbeachlaw.com,info@mbeachlaw.com,"Manhattan Beach, CA",Legal,EMAIL
The Law Offices of Ty Anis,http://tyanislaw.com,ty@tyanislaw.com,"Manhattan Beach, CA",Legal,EMAIL
Aristov Law PC,http://aristovlaw.com,dima@aristovlaw.com,"Manhattan Beach, CA",Legal,EMAIL
Strickland Law Firm,http://weslawfirm.com,bill@weslawfirm.com,"Manhattan Beach, CA",Legal,EMAIL
Strickland Law Firm,http://weslawfirm.com,bill@weslawfirm.com,"Manhattan Beach, CA",Legal,EMAIL
Castillo's Paralegal Services,http://castillosparalegal.com,castilloparalegalservices@gmail.com,"Manhattan Beach, CA",Legal,EMAIL
Khoo Patent Services - South Bay Branch,http://khoopatent.com,info@khoopatent.com,"Manhattan Beach, CA",Legal,EMAIL
Law Offices of Susan B Geffen,http://susanbgeffenlaw.com,info@susanbgeffen.com,"Manhattan Beach, CA",Legal,EMAIL
The Law Offices of Albert Lee Crosner,http://crosnerlaw.com,crosnerlaw@gmail.com,"Manhattan Beach, CA",Legal,EMAIL
LitiCourt,http://liticourt.com,info@liticourt.com,"Manhattan Beach, CA",Legal,EMAIL
Law Offices of Kelli L Clarke,http://klclarkelaw.com,klc@klclarkelaw.com,"Manhattan Beach, CA",Legal,EMAIL
Bizie Ladie,http://bizieladie.com,vwatson@bizieladiebpp.com,"Manhattan Beach, CA",Legal,EMAIL
Bizie Ladie,http://bizieladie.com,vwatson@bizieladie.com,"Manhattan Beach, CA",Legal,EMAIL
LITILI,http://litiligroup.com,info@litiligroup.com,"Manhattan Beach, CA",Legal,EMAIL
Law Office of Jonas M Grant,http://jonasmgrant.com,jonas@jonasmgrant.com,"Manhattan Beach, CA",Legal,EMAIL
Conner & Associates,http://southbaylaw.net,bren@southbaylaw.net,"Manhattan Beach, CA",Legal,EMAIL
South Bay Attorney Service,http://sbaylegal.com/Home.html,vc@sbaylegal.com,"Manhattan Beach, CA",Legal,EMAIL
South Bay Attorney Service,http://sbaylegal.com/Home.html,frank_oneil2003@yahoo.com,"Manhattan Beach, CA",Legal,EMAIL
South Bay Attorney Service,http://sbaylegal.com/Home.html,oc@sbaylegal.com,"Manhattan Beach, CA",Legal,EMAIL
South Bay Attorney Service,http://sbaylegal.com/Home.html,client@sbaylegal.com,"Manhattan Beach, CA",Legal,EMAIL
South Bay Attorney Service,http://sbaylegal.com/Home.html,sb@sbaylegal.com,"Manhattan Beach, CA",Legal,EMAIL
South Bay Attorney Service,http://sbaylegal.com/Home.html,employment@sbaylegal.com,"Manhattan Beach, CA",Legal,EMAIL
South Bay Attorney Service,http://sbaylegal.com/Home.html,client@sbaylegal.com,"Manhattan Beach, CA",Legal,EMAIL
South Bay Attorney Service,http://sbaylegal.com/Home.html,sd@sbaylegal.com,"Manhattan Beach, CA",Legal,EMAIL
Hoffman & Pomerantz Attorneys At Law,http://weappear.com,status@weappear.com,"Manhattan Beach, CA",Legal,EMAIL
Hoffman & Pomerantz Attorneys At Law,http://weappear.com,atty.resume@weappear.com,"Manhattan Beach, CA",Legal,EMAIL
Hoffman & Pomerantz Attorneys At Law,http://weappear.com,lawoffices@weappear.com,"Manhattan Beach, CA",Legal,EMAIL
Hoffman & Pomerantz Attorneys At Law,http://weappear.com,appearancerequest@weappear.com,"Manhattan Beach, CA",Legal,EMAIL
Hammers & Baltazar,http://hammersbaltazar.com,bhammers@hammersbaltazar.com,"Manhattan Beach, CA",Legal,EMAIL
Hammers & Baltazar,http://hammersbaltazar.com,bhammers@hammersbaltazar.com,"Manhattan Beach, CA",Legal,EMAIL
Hammers & Baltazar,http://hammersbaltazar.com,abaltazar@hammersbaltazar.com,"Manhattan Beach, CA",Legal,EMAIL
Law Office of Scott Bradley Dormer,http://scottdormer.com,scott@scottdormer.com,"Manhattan Beach, CA",Legal,EMAIL
"Susan Updike, JD RN BSN",http://susanupdike.com,sue.updike@verizon.net,"Manhattan Beach, CA",Legal,EMAIL
Beach Cities DUI,http://beachcitiesdui.com,beachcitiesdui@gmail.com,"Manhattan Beach, CA",Legal,EMAIL
